email, senha
0.030264605605572002.mail.com, pass123
0.7132353725759746.mail.com, pass123
0.1630553225059392.mail.com, pass123
0.43962093366726435.mail.com, pass123
0.49296745037139345.mail.com, pass123
0.8482561914076583.mail.com, pass123
0.9417749976755061.mail.com, pass123
0.9877722833729846.mail.com, pass123
0.4943800316933854.mail.com, pass123
0.2747763299680605.mail.com, pass123
0.7591181723646918.mail.com, pass123
0.5898321044052905.mail.com, pass123
0.018937323594251383.mail.com, pass123
0.16082282020602362.mail.com, pass123
0.13852593205654687.mail.com, pass123
0.9411504817380862.mail.com, pass123
0.07501658873610435.mail.com, pass123
0.20349585126873485.mail.com, pass123
0.5582730182475159.mail.com, pass123
0.9130113832063124.mail.com, pass123
0.47448153726243975.mail.com, pass123
0.35221571126712853.mail.com, pass123
0.6470401674942379.mail.com, pass123
0.5696324659809069.mail.com, pass123
0.06041422082414118.mail.com, pass123
0.3958848636277046.mail.com, pass123
0.9425503864646002.mail.com, pass123
0.22381103853248932.mail.com, pass123
0.8131803259043744.mail.com, pass123
0.7816167668369723.mail.com, pass123
0.3183171411764003.mail.com, pass123
0.42276287756019976.mail.com, pass123
0.9624633718357156.mail.com, pass123
0.051037544772513356.mail.com, pass123        
